index, x, y
1, 0, 49
2, 1, 49
3, 2, 49
4, 3, 49
5, 4, 49
6, 5, 49
7, 6, 49
8, 7, 49
9, 8, 49
10, 9, 49
11, 10, 49
12, 11, 49
13, 12, 49
14, 13, 49
15, 14, 49
16, 15, 49
17, 16, 49
18, 17, 49
19, 18, 49
20, 19, 49
21, 20, 49
22, 21, 49
23, 22, 49
24, 23, 49
25, 24, 49
26, 25, 49
27, 26, 49
28, 27, 49
29, 28, 49
30, 29, 49
31, 0, 48
32, 1, 48
33, 2, 48
34, 3, 48
35, 4, 48
36, 5, 48
37, 6, 48
38, 7, 48
39, 8, 48
40, 9, 48
41, 10, 48
42, 11, 48
43, 12, 48
44, 13, 48
45, 14, 48
46, 15, 48
47, 16, 48
48, 17, 48
49, 18, 48
50, 19, 48
51, 20, 48
52, 21, 48
53, 22, 48
54, 23, 48
55, 24, 48
56, 25, 48
57, 26, 48
58, 27, 48
59, 28, 48
60, 29, 48
61, 30, 48
62, 0, 47
63, 1, 47
64, 2, 47
65, 3, 47
66, 4, 47
67, 5, 47
68, 6, 47
69, 7, 47
70, 8, 47
71, 9, 47
72, 10, 47
73, 11, 47
74, 12, 47
75, 13, 47
76, 14, 47
77, 15, 47
78, 16, 47
79, 17, 47
80, 18, 47
81, 19, 47
82, 20, 47
83, 21, 47
84, 22, 47
85, 23, 47
86, 24, 47
87, 25, 47
88, 26, 47
89, 27, 47
90, 28, 47
91, 29, 47
92, 30, 47
93, 31, 47
94, 0, 46
95, 1, 46
96, 2, 46
97, 3, 46
98, 4, 46
99, 5, 46
100, 6, 46
101, 7, 46
102, 8, 46
103, 9, 46
104, 10, 46
105, 11, 46
106, 12, 46
107, 13, 46
108, 14, 46
109, 15, 46
110, 16, 46
111, 17, 46
112, 18, 46
113, 19, 46
114, 20, 46
115, 21, 46
116, 22, 46
117, 23, 46
118, 24, 46
119, 25, 46
120, 26, 46
121, 27, 46
122, 28, 46
123, 29, 46
124, 30, 46
125, 31, 46
126, 32, 46
127, 0, 45
128, 1, 45
129, 2, 45
130, 3, 45
131, 4, 45
132, 5, 45
133, 6, 45
134, 7, 45
135, 8, 45
136, 9, 45
137, 10, 45
138, 11, 45
139, 12, 45
140, 13, 45
141, 14, 45
142, 15, 45
143, 16, 45
144, 17, 45
145, 18, 45
146, 19, 45
147, 20, 45
148, 21, 45
149, 22, 45
150, 23, 45
151, 24, 45
152, 25, 45
153, 26, 45
154, 27, 45
155, 28, 45
156, 29, 45
157, 30, 45
158, 31, 45
159, 32, 45
160, 33, 45
161, 0, 44
162, 1, 44
163, 2, 44
164, 3, 44
165, 4, 44
166, 5, 44
167, 6, 44
168, 7, 44
169, 8, 44
170, 9, 44
171, 10, 44
172, 11, 44
173, 12, 44
174, 13, 44
175, 14, 44
176, 15, 44
177, 16, 44
178, 17, 44
179, 18, 44
180, 19, 44
181, 20, 44
182, 21, 44
183, 22, 44
184, 23, 44
185, 24, 44
186, 25, 44
187, 26, 44
188, 27, 44
189, 28, 44
190, 29, 44
191, 30, 44
192, 31, 44
193, 32, 44
194, 33, 44
195, 34, 44
196, 0, 43
197, 1, 43
198, 2, 43
199, 3, 43
200, 4, 43
201, 5, 43
202, 6, 43
203, 7, 43
204, 8, 43
205, 9, 43
206, 10, 43
207, 11, 43
208, 12, 43
209, 13, 43
210, 14, 43
211, 15, 43
212, 16, 43
213, 17, 43
214, 18, 43
215, 19, 43
216, 20, 43
217, 21, 43
218, 22, 43
219, 23, 43
220, 24, 43
221, 25, 43
222, 26, 43
223, 27, 43
224, 28, 43
225, 29, 43
226, 30, 43
227, 31, 43
228, 32, 43
229, 33, 43
230, 34, 43
231, 35, 43
232, 0, 42
233, 1, 42
234, 2, 42
235, 3, 42
236, 4, 42
237, 5, 42
238, 6, 42
239, 7, 42
240, 8, 42
241, 9, 42
242, 10, 42
243, 11, 42
244, 12, 42
245, 13, 42
246, 14, 42
247, 15, 42
248, 16, 42
249, 17, 42
250, 18, 42
251, 19, 42
252, 20, 42
253, 21, 42
254, 22, 42
255, 23, 42
256, 24, 42
257, 25, 42
258, 26, 42
259, 27, 42
260, 28, 42
261, 29, 42
262, 30, 42
263, 31, 42
264, 32, 42
265, 33, 42
266, 34, 42
267, 35, 42
268, 36, 42
269, 0, 41
270, 1, 41
271, 2, 41
272, 3, 41
273, 4, 41
274, 5, 41
275, 6, 41
276, 7, 41
277, 8, 41
278, 9, 41
279, 10, 41
280, 11, 41
281, 12, 41
282, 13, 41
283, 14, 41
284, 15, 41
285, 16, 41
286, 17, 41
287, 18, 41
288, 19, 41
289, 20, 41
290, 21, 41
291, 22, 41
292, 23, 41
293, 24, 41
294, 25, 41
295, 26, 41
296, 27, 41
297, 28, 41
298, 29, 41
299, 30, 41
300, 31, 41
301, 32, 41
302, 33, 41
303, 34, 41
304, 35, 41
305, 36, 41
306, 37, 41
307, 0, 40
308, 1, 40
309, 2, 40
310, 3, 40
311, 4, 40
312, 5, 40
313, 6, 40
314, 7, 40
315, 8, 40
316, 9, 40
317, 10, 40
318, 11, 40
319, 12, 40
320, 13, 40
321, 14, 40
322, 15, 40
323, 16, 40
324, 17, 40
325, 18, 40
326, 19, 40
327, 20, 40
328, 21, 40
329, 22, 40
330, 23, 40
331, 24, 40
332, 25, 40
333, 26, 40
334, 27, 40
335, 28, 40
336, 29, 40
337, 30, 40
338, 31, 40
339, 32, 40
340, 33, 40
341, 34, 40
342, 35, 40
343, 36, 40
344, 37, 40
345, 38, 40
346, 0, 39
347, 1, 39
348, 2, 39
349, 3, 39
350, 4, 39
351, 5, 39
352, 6, 39
353, 7, 39
354, 8, 39
355, 9, 39
356, 10, 39
357, 11, 39
358, 12, 39
359, 13, 39
360, 14, 39
361, 15, 39
362, 16, 39
363, 17, 39
364, 18, 39
365, 19, 39
366, 20, 39
367, 21, 39
368, 22, 39
369, 23, 39
370, 24, 39
371, 25, 39
372, 26, 39
373, 27, 39
374, 28, 39
375, 29, 39
376, 30, 39
377, 31, 39
378, 32, 39
379, 33, 39
380, 34, 39
381, 35, 39
382, 36, 39
383, 37, 39
384, 38, 39
385, 39, 39
386, 0, 38
387, 1, 38
388, 2, 38
389, 3, 38
390, 4, 38
391, 5, 38
392, 6, 38
393, 7, 38
394, 8, 38
395, 9, 38
396, 10, 38
397, 11, 38
398, 12, 38
399, 13, 38
400, 14, 38
401, 15, 38
402, 16, 38
403, 17, 38
404, 18, 38
405, 19, 38
406, 20, 38
407, 21, 38
408, 22, 38
409, 23, 38
410, 24, 38
411, 25, 38
412, 26, 38
413, 27, 38
414, 28, 38
415, 29, 38
416, 30, 38
417, 31, 38
418, 32, 38
419, 33, 38
420, 34, 38
421, 35, 38
422, 36, 38
423, 37, 38
424, 38, 38
425, 39, 38
426, 40, 38
427, 0, 37
428, 1, 37
429, 2, 37
430, 3, 37
431, 4, 37
432, 5, 37
433, 6, 37
434, 7, 37
435, 8, 37
436, 9, 37
437, 10, 37
438, 11, 37
439, 12, 37
440, 13, 37
441, 14, 37
442, 15, 37
443, 16, 37
444, 17, 37
445, 18, 37
446, 19, 37
447, 20, 37
448, 21, 37
449, 22, 37
450, 23, 37
451, 24, 37
452, 25, 37
453, 26, 37
454, 27, 37
455, 28, 37
456, 29, 37
457, 30, 37
458, 31, 37
459, 32, 37
460, 33, 37
461, 34, 37
462, 35, 37
463, 36, 37
464, 37, 37
465, 38, 37
466, 39, 37
467, 40, 37
468, 41, 37
469, 0, 36
470, 1, 36
471, 2, 36
472, 3, 36
473, 4, 36
474, 5, 36
475, 6, 36
476, 7, 36
477, 8, 36
478, 9, 36
479, 10, 36
480, 11, 36
481, 12, 36
482, 13, 36
483, 14, 36
484, 15, 36
485, 16, 36
486, 17, 36
487, 18, 36
488, 19, 36
489, 20, 36
490, 21, 36
491, 22, 36
492, 23, 36
493, 24, 36
494, 25, 36
495, 26, 36
496, 27, 36
497, 28, 36
498, 29, 36
499, 30, 36
500, 31, 36
501, 32, 36
502, 33, 36
503, 34, 36
504, 35, 36
505, 36, 36
506, 37, 36
507, 38, 36
508, 39, 36
509, 40, 36
510, 41, 36
511, 42, 36
512, 0, 35
513, 1, 35
514, 2, 35
515, 3, 35
516, 4, 35
517, 5, 35
518, 6, 35
519, 7, 35
520, 8, 35
521, 9, 35
522, 10, 35
523, 11, 35
524, 12, 35
525, 13, 35
526, 14, 35
527, 15, 35
528, 16, 35
529, 17, 35
530, 18, 35
531, 19, 35
532, 20, 35
533, 21, 35
534, 22, 35
535, 23, 35
536, 24, 35
537, 25, 35
538, 26, 35
539, 27, 35
540, 28, 35
541, 29, 35
542, 30, 35
543, 31, 35
544, 32, 35
545, 33, 35
546, 34, 35
547, 35, 35
548, 36, 35
549, 37, 35
550, 38, 35
551, 39, 35
552, 40, 35
553, 41, 35
554, 42, 35
555, 43, 35
556, 0, 34
557, 1, 34
558, 2, 34
559, 3, 34
560, 4, 34
561, 5, 34
562, 6, 34
563, 7, 34
564, 8, 34
565, 9, 34
566, 10, 34
567, 11, 34
568, 12, 34
569, 13, 34
570, 14, 34
571, 15, 34
572, 16, 34
573, 17, 34
574, 18, 34
575, 19, 34
576, 20, 34
577, 21, 34
578, 22, 34
579, 23, 34
580, 24, 34
581, 25, 34
582, 26, 34
583, 27, 34
584, 28, 34
585, 29, 34
586, 30, 34
587, 31, 34
588, 32, 34
589, 33, 34
590, 34, 34
591, 35, 34
592, 36, 34
593, 37, 34
594, 38, 34
595, 39, 34
596, 40, 34
597, 41, 34
598, 42, 34
599, 43, 34
600, 44, 34
601, 0, 33
602, 1, 33
603, 2, 33
604, 3, 33
605, 4, 33
606, 5, 33
607, 6, 33
608, 7, 33
609, 8, 33
610, 9, 33
611, 10, 33
612, 11, 33
613, 12, 33
614, 13, 33
615, 14, 33
616, 15, 33
617, 16, 33
618, 17, 33
619, 18, 33
620, 19, 33
621, 20, 33
622, 21, 33
623, 22, 33
624, 23, 33
625, 24, 33
626, 25, 33
627, 26, 33
628, 27, 33
629, 28, 33
630, 29, 33
631, 30, 33
632, 31, 33
633, 32, 33
634, 33, 33
635, 34, 33
636, 35, 33
637, 36, 33
638, 37, 33
639, 38, 33
640, 39, 33
641, 40, 33
642, 41, 33
643, 42, 33
644, 43, 33
645, 44, 33
646, 45, 33
647, 0, 32
648, 1, 32
649, 2, 32
650, 3, 32
651, 4, 32
652, 5, 32
653, 6, 32
654, 7, 32
655, 8, 32
656, 9, 32
657, 10, 32
658, 11, 32
659, 12, 32
660, 13, 32
661, 14, 32
662, 15, 32
663, 16, 32
664, 17, 32
665, 18, 32
666, 19, 32
667, 20, 32
668, 21, 32
669, 22, 32
670, 23, 32
671, 24, 32
672, 25, 32
673, 26, 32
674, 27, 32
675, 28, 32
676, 29, 32
677, 30, 32
678, 31, 32
679, 32, 32
680, 33, 32
681, 34, 32
682, 35, 32
683, 36, 32
684, 37, 32
685, 38, 32
686, 39, 32
687, 40, 32
688, 41, 32
689, 42, 32
690, 43, 32
691, 44, 32
692, 45, 32
693, 46, 32
694, 0, 31
695, 1, 31
696, 2, 31
697, 3, 31
698, 4, 31
699, 5, 31
700, 6, 31
701, 7, 31
702, 8, 31
703, 9, 31
704, 10, 31
705, 11, 31
706, 12, 31
707, 13, 31
708, 14, 31
709, 15, 31
710, 16, 31
711, 17, 31
712, 18, 31
713, 19, 31
714, 20, 31
715, 21, 31
716, 22, 31
717, 23, 31
718, 24, 31
719, 25, 31
720, 26, 31
721, 27, 31
722, 28, 31
723, 29, 31
724, 30, 31
725, 31, 31
726, 32, 31
727, 33, 31
728, 34, 31
729, 35, 31
730, 36, 31
731, 37, 31
732, 38, 31
733, 39, 31
734, 40, 31
735, 41, 31
736, 42, 31
737, 43, 31
738, 44, 31
739, 45, 31
740, 46, 31
741, 47, 31
742, 0, 30
743, 1, 30
744, 2, 30
745, 3, 30
746, 4, 30
747, 5, 30
748, 6, 30
749, 7, 30
750, 8, 30
751, 9, 30
752, 10, 30
753, 11, 30
754, 12, 30
755, 13, 30
756, 14, 30
757, 15, 30
758, 16, 30
759, 17, 30
760, 18, 30
761, 19, 30
762, 20, 30
763, 21, 30
764, 22, 30
765, 23, 30
766, 24, 30
767, 25, 30
768, 26, 30
769, 27, 30
770, 28, 30
771, 29, 30
772, 30, 30
773, 31, 30
774, 32, 30
775, 33, 30
776, 34, 30
777, 35, 30
778, 36, 30
779, 37, 30
780, 38, 30
781, 39, 30
782, 40, 30
783, 41, 30
784, 42, 30
785, 43, 30
786, 44, 30
787, 45, 30
788, 46, 30
789, 47, 30
790, 48, 30
791, 0, 29
792, 1, 29
793, 2, 29
794, 3, 29
795, 4, 29
796, 5, 29
797, 6, 29
798, 7, 29
799, 8, 29
800, 9, 29
801, 10, 29
802, 11, 29
803, 12, 29
804, 13, 29
805, 14, 29
806, 15, 29
807, 16, 29
808, 17, 29
809, 18, 29
810, 19, 29
811, 20, 29
812, 21, 29
813, 22, 29
814, 23, 29
815, 24, 29
816, 25, 29
817, 26, 29
818, 27, 29
819, 28, 29
820, 29, 29
821, 30, 29
822, 31, 29
823, 32, 29
824, 33, 29
825, 34, 29
826, 35, 29
827, 36, 29
828, 37, 29
829, 38, 29
830, 39, 29
831, 40, 29
832, 41, 29
833, 42, 29
834, 43, 29
835, 44, 29
836, 45, 29
837, 46, 29
838, 47, 29
839, 48, 29
840, 49, 29
841, 0, 28
842, 1, 28
843, 2, 28
844, 3, 28
845, 4, 28
846, 5, 28
847, 6, 28
848, 7, 28
849, 8, 28
850, 9, 28
851, 10, 28
852, 11, 28
853, 12, 28
854, 13, 28
855, 14, 28
856, 15, 28
857, 16, 28
858, 17, 28
859, 18, 28
860, 19, 28
861, 20, 28
862, 21, 28
863, 22, 28
864, 23, 28
865, 24, 28
866, 25, 28
867, 26, 28
868, 27, 28
869, 28, 28
870, 29, 28
871, 30, 28
872, 31, 28
873, 32, 28
874, 33, 28
875, 34, 28
876, 35, 28
877, 36, 28
878, 37, 28
879, 38, 28
880, 39, 28
881, 40, 28
882, 41, 28
883, 42, 28
884, 43, 28
885, 44, 28
886, 45, 28
887, 46, 28
888, 47, 28
889, 48, 28
890, 49, 28
891, 0, 27
892, 1, 27
893, 2, 27
894, 3, 27
895, 4, 27
896, 5, 27
897, 6, 27
898, 7, 27
899, 8, 27
900, 9, 27
901, 10, 27
902, 11, 27
903, 12, 27
904, 13, 27
905, 14, 27
906, 15, 27
907, 16, 27
908, 17, 27
909, 18, 27
910, 19, 27
911, 20, 27
912, 21, 27
913, 22, 27
914, 23, 27
915, 24, 27
916, 25, 27
917, 26, 27
918, 27, 27
919, 28, 27
920, 29, 27
921, 30, 27
922, 31, 27
923, 32, 27
924, 33, 27
925, 34, 27
926, 35, 27
927, 36, 27
928, 37, 27
929, 38, 27
930, 39, 27
931, 40, 27
932, 41, 27
933, 42, 27
934, 43, 27
935, 44, 27
936, 45, 27
937, 46, 27
938, 47, 27
939, 48, 27
940, 49, 27
941, 0, 26
942, 1, 26
943, 2, 26
944, 3, 26
945, 4, 26
946, 5, 26
947, 6, 26
948, 7, 26
949, 8, 26
950, 9, 26
951, 10, 26
952, 11, 26
953, 12, 26
954, 13, 26
955, 14, 26
956, 15, 26
957, 16, 26
958, 17, 26
959, 18, 26
960, 19, 26
961, 20, 26
962, 21, 26
963, 22, 26
964, 23, 26
965, 24, 26
966, 25, 26
967, 26, 26
968, 27, 26
969, 28, 26
970, 29, 26
971, 30, 26
972, 31, 26
973, 32, 26
974, 33, 26
975, 34, 26
976, 35, 26
977, 36, 26
978, 37, 26
979, 38, 26
980, 39, 26
981, 40, 26
982, 41, 26
983, 42, 26
984, 43, 26
985, 44, 26
986, 45, 26
987, 46, 26
988, 47, 26
989, 48, 26
990, 49, 26
991, 0, 25
992, 1, 25
993, 2, 25
994, 3, 25
995, 4, 25
996, 5, 25
997, 6, 25
998, 7, 25
999, 8, 25
1000, 9, 25
1001, 10, 25
1002, 11, 25
1003, 12, 25
1004, 13, 25
1005, 14, 25
1006, 15, 25
1007, 16, 25
1008, 17, 25
1009, 18, 25
1010, 19, 25
1011, 20, 25
1012, 21, 25
1013, 22, 25
1014, 23, 25
1015, 24, 25
1016, 25, 25
1017, 26, 25
1018, 27, 25
1019, 28, 25
1020, 29, 25
1021, 30, 25
1022, 31, 25
1023, 32, 25
1024, 33, 25
1025, 34, 25
1026, 35, 25
1027, 36, 25
1028, 37, 25
1029, 38, 25
1030, 39, 25
1031, 40, 25
1032, 41, 25
1033, 42, 25
1034, 43, 25
1035, 44, 25
1036, 45, 25
1037, 46, 25
1038, 47, 25
1039, 48, 25
1040, 49, 25
1041, 0, 24
1042, 1, 24
1043, 2, 24
1044, 3, 24
1045, 4, 24
1046, 5, 24
1047, 6, 24
1048, 7, 24
1049, 8, 24
1050, 9, 24
1051, 10, 24
1052, 11, 24
1053, 12, 24
1054, 13, 24
1055, 14, 24
1056, 15, 24
1057, 16, 24
1058, 17, 24
1059, 18, 24
1060, 19, 24
1061, 20, 24
1062, 21, 24
1063, 22, 24
1064, 23, 24
1065, 24, 24
1066, 25, 24
1067, 26, 24
1068, 27, 24
1069, 28, 24
1070, 29, 24
1071, 30, 24
1072, 31, 24
1073, 32, 24
1074, 33, 24
1075, 34, 24
1076, 35, 24
1077, 36, 24
1078, 37, 24
1079, 38, 24
1080, 39, 24
1081, 40, 24
1082, 41, 24
1083, 42, 24
1084, 43, 24
1085, 44, 24
1086, 45, 24
1087, 46, 24
1088, 47, 24
1089, 48, 24
1090, 49, 24
1091, 0, 23
1092, 1, 23
1093, 2, 23
1094, 3, 23
1095, 4, 23
1096, 5, 23
1097, 6, 23
1098, 7, 23
1099, 8, 23
1100, 9, 23
1101, 10, 23
1102, 11, 23
1103, 12, 23
1104, 13, 23
1105, 14, 23
1106, 15, 23
1107, 16, 23
1108, 17, 23
1109, 18, 23
1110, 19, 23
1111, 20, 23
1112, 21, 23
1113, 22, 23
1114, 23, 23
1115, 24, 23
1116, 25, 23
1117, 26, 23
1118, 27, 23
1119, 28, 23
1120, 29, 23
1121, 30, 23
1122, 31, 23
1123, 32, 23
1124, 33, 23
1125, 34, 23
1126, 35, 23
1127, 36, 23
1128, 37, 23
1129, 38, 23
1130, 39, 23
1131, 40, 23
1132, 41, 23
1133, 42, 23
1134, 43, 23
1135, 44, 23
1136, 45, 23
1137, 46, 23
1138, 47, 23
1139, 48, 23
1140, 49, 23
1141, 0, 22
1142, 1, 22
1143, 2, 22
1144, 3, 22
1145, 4, 22
1146, 5, 22
1147, 6, 22
1148, 7, 22
1149, 8, 22
1150, 9, 22
1151, 10, 22
1152, 11, 22
1153, 12, 22
1154, 13, 22
1155, 14, 22
1156, 15, 22
1157, 16, 22
1158, 17, 22
1159, 18, 22
1160, 19, 22
1161, 20, 22
1162, 21, 22
1163, 22, 22
1164, 23, 22
1165, 24, 22
1166, 25, 22
1167, 26, 22
1168, 27, 22
1169, 28, 22
1170, 29, 22
1171, 30, 22
1172, 31, 22
1173, 32, 22
1174, 33, 22
1175, 34, 22
1176, 35, 22
1177, 36, 22
1178, 37, 22
1179, 38, 22
1180, 39, 22
1181, 40, 22
1182, 41, 22
1183, 42, 22
1184, 43, 22
1185, 44, 22
1186, 45, 22
1187, 46, 22
1188, 47, 22
1189, 48, 22
1190, 49, 22
1191, 0, 21
1192, 1, 21
1193, 2, 21
1194, 3, 21
1195, 4, 21
1196, 5, 21
1197, 6, 21
1198, 7, 21
1199, 8, 21
1200, 9, 21
1201, 10, 21
1202, 11, 21
1203, 12, 21
1204, 13, 21
1205, 14, 21
1206, 15, 21
1207, 16, 21
1208, 17, 21
1209, 18, 21
1210, 19, 21
1211, 20, 21
1212, 21, 21
1213, 22, 21
1214, 23, 21
1215, 24, 21
1216, 25, 21
1217, 26, 21
1218, 27, 21
1219, 28, 21
1220, 29, 21
1221, 30, 21
1222, 31, 21
1223, 32, 21
1224, 33, 21
1225, 34, 21
1226, 35, 21
1227, 36, 21
1228, 37, 21
1229, 38, 21
1230, 39, 21
1231, 40, 21
1232, 41, 21
1233, 42, 21
1234, 43, 21
1235, 44, 21
1236, 45, 21
1237, 46, 21
1238, 47, 21
1239, 48, 21
1240, 49, 21
1241, 0, 20
1242, 1, 20
1243, 2, 20
1244, 3, 20
1245, 4, 20
1246, 5, 20
1247, 6, 20
1248, 7, 20
1249, 8, 20
1250, 9, 20
1251, 10, 20
1252, 11, 20
1253, 12, 20
1254, 13, 20
1255, 14, 20
1256, 15, 20
1257, 16, 20
1258, 17, 20
1259, 18, 20
1260, 19, 20
1261, 20, 20
1262, 21, 20
1263, 22, 20
1264, 23, 20
1265, 24, 20
1266, 25, 20
1267, 26, 20
1268, 27, 20
1269, 28, 20
1270, 29, 20
1271, 30, 20
1272, 31, 20
1273, 32, 20
1274, 33, 20
1275, 34, 20
1276, 35, 20
1277, 36, 20
1278, 37, 20
1279, 38, 20
1280, 39, 20
1281, 40, 20
1282, 41, 20
1283, 42, 20
1284, 43, 20
1285, 44, 20
1286, 45, 20
1287, 46, 20
1288, 47, 20
1289, 48, 20
1290, 49, 20
1291, 0, 19
1292, 1, 19
1293, 2, 19
1294, 3, 19
1295, 4, 19
1296, 5, 19
1297, 6, 19
1298, 7, 19
1299, 8, 19
1300, 9, 19
1301, 10, 19
1302, 11, 19
1303, 12, 19
1304, 13, 19
1305, 14, 19
1306, 15, 19
1307, 16, 19
1308, 17, 19
1309, 18, 19
1310, 19, 19
1311, 20, 19
1312, 21, 19
1313, 22, 19
1314, 23, 19
1315, 24, 19
1316, 25, 19
1317, 26, 19
1318, 27, 19
1319, 28, 19
1320, 29, 19
1321, 30, 19
1322, 31, 19
1323, 32, 19
1324, 33, 19
1325, 34, 19
1326, 35, 19
1327, 36, 19
1328, 37, 19
1329, 38, 19
1330, 39, 19
1331, 40, 19
1332, 41, 19
1333, 42, 19
1334, 43, 19
1335, 44, 19
1336, 45, 19
1337, 46, 19
1338, 47, 19
1339, 48, 19
1340, 49, 19
1341, 0, 18
1342, 1, 18
1343, 2, 18
1344, 3, 18
1345, 4, 18
1346, 5, 18
1347, 6, 18
1348, 7, 18
1349, 8, 18
1350, 9, 18
1351, 10, 18
1352, 11, 18
1353, 12, 18
1354, 13, 18
1355, 14, 18
1356, 15, 18
1357, 16, 18
1358, 17, 18
1359, 18, 18
1360, 19, 18
1361, 20, 18
1362, 21, 18
1363, 22, 18
1364, 23, 18
1365, 24, 18
1366, 25, 18
1367, 26, 18
1368, 27, 18
1369, 28, 18
1370, 29, 18
1371, 30, 18
1372, 31, 18
1373, 32, 18
1374, 33, 18
1375, 34, 18
1376, 35, 18
1377, 36, 18
1378, 37, 18
1379, 38, 18
1380, 39, 18
1381, 40, 18
1382, 41, 18
1383, 42, 18
1384, 43, 18
1385, 44, 18
1386, 45, 18
1387, 46, 18
1388, 47, 18
1389, 48, 18
1390, 49, 18
1391, 0, 17
1392, 1, 17
1393, 2, 17
1394, 3, 17
1395, 4, 17
1396, 5, 17
1397, 6, 17
1398, 7, 17
1399, 8, 17
1400, 9, 17
1401, 10, 17
1402, 11, 17
1403, 12, 17
1404, 13, 17
1405, 14, 17
1406, 15, 17
1407, 16, 17
1408, 17, 17
1409, 18, 17
1410, 19, 17
1411, 20, 17
1412, 21, 17
1413, 22, 17
1414, 23, 17
1415, 24, 17
1416, 25, 17
1417, 26, 17
1418, 27, 17
1419, 28, 17
1420, 29, 17
1421, 30, 17
1422, 31, 17
1423, 32, 17
1424, 33, 17
1425, 34, 17
1426, 35, 17
1427, 36, 17
1428, 37, 17
1429, 38, 17
1430, 39, 17
1431, 40, 17
1432, 41, 17
1433, 42, 17
1434, 43, 17
1435, 44, 17
1436, 45, 17
1437, 46, 17
1438, 47, 17
1439, 48, 17
1440, 49, 17
1441, 0, 16
1442, 1, 16
1443, 2, 16
1444, 3, 16
1445, 4, 16
1446, 5, 16
1447, 6, 16
1448, 7, 16
1449, 8, 16
1450, 9, 16
1451, 10, 16
1452, 11, 16
1453, 12, 16
1454, 13, 16
1455, 14, 16
1456, 15, 16
1457, 16, 16
1458, 17, 16
1459, 18, 16
1460, 19, 16
1461, 20, 16
1462, 21, 16
1463, 22, 16
1464, 23, 16
1465, 24, 16
1466, 25, 16
1467, 26, 16
1468, 27, 16
1469, 28, 16
1470, 29, 16
1471, 30, 16
1472, 31, 16
1473, 32, 16
1474, 33, 16
1475, 34, 16
1476, 35, 16
1477, 36, 16
1478, 37, 16
1479, 38, 16
1480, 39, 16
1481, 40, 16
1482, 41, 16
1483, 42, 16
1484, 43, 16
1485, 44, 16
1486, 45, 16
1487, 46, 16
1488, 47, 16
1489, 48, 16
1490, 49, 16
1491, 0, 15
1492, 1, 15
1493, 2, 15
1494, 3, 15
1495, 4, 15
1496, 5, 15
1497, 6, 15
1498, 7, 15
1499, 8, 15
1500, 9, 15
1501, 10, 15
1502, 11, 15
1503, 12, 15
1504, 13, 15
1505, 14, 15
1506, 15, 15
1507, 16, 15
1508, 17, 15
1509, 18, 15
1510, 19, 15
1511, 20, 15
1512, 21, 15
1513, 22, 15
1514, 23, 15
1515, 24, 15
1516, 25, 15
1517, 26, 15
1518, 27, 15
1519, 28, 15
1520, 29, 15
1521, 30, 15
1522, 31, 15
1523, 32, 15
1524, 33, 15
1525, 34, 15
1526, 35, 15
1527, 36, 15
1528, 37, 15
1529, 38, 15
1530, 39, 15
1531, 40, 15
1532, 41, 15
1533, 42, 15
1534, 43, 15
1535, 44, 15
1536, 45, 15
1537, 46, 15
1538, 47, 15
1539, 48, 15
1540, 49, 15
1541, 0, 14
1542, 1, 14
1543, 2, 14
1544, 3, 14
1545, 4, 14
1546, 5, 14
1547, 6, 14
1548, 7, 14
1549, 8, 14
1550, 9, 14
1551, 10, 14
1552, 11, 14
1553, 12, 14
1554, 13, 14
1555, 14, 14
1556, 15, 14
1557, 16, 14
1558, 17, 14
1559, 18, 14
1560, 19, 14
1561, 20, 14
1562, 21, 14
1563, 22, 14
1564, 23, 14
1565, 24, 14
1566, 25, 14
1567, 26, 14
1568, 27, 14
1569, 28, 14
1570, 29, 14
1571, 30, 14
1572, 31, 14
1573, 32, 14
1574, 33, 14
1575, 34, 14
1576, 35, 14
1577, 36, 14
1578, 37, 14
1579, 38, 14
1580, 39, 14
1581, 40, 14
1582, 41, 14
1583, 42, 14
1584, 43, 14
1585, 44, 14
1586, 45, 14
1587, 46, 14
1588, 47, 14
1589, 48, 14
1590, 49, 14
1591, 0, 13
1592, 1, 13
1593, 2, 13
1594, 3, 13
1595, 4, 13
1596, 5, 13
1597, 6, 13
1598, 7, 13
1599, 8, 13
1600, 9, 13
1601, 10, 13
1602, 11, 13
1603, 12, 13
1604, 13, 13
1605, 14, 13
1606, 15, 13
1607, 16, 13
1608, 17, 13
1609, 18, 13
1610, 19, 13
1611, 20, 13
1612, 21, 13
1613, 22, 13
1614, 23, 13
1615, 24, 13
1616, 25, 13
1617, 26, 13
1618, 27, 13
1619, 28, 13
1620, 29, 13
1621, 30, 13
1622, 31, 13
1623, 32, 13
1624, 33, 13
1625, 34, 13
1626, 35, 13
1627, 36, 13
1628, 37, 13
1629, 38, 13
1630, 39, 13
1631, 40, 13
1632, 41, 13
1633, 42, 13
1634, 43, 13
1635, 44, 13
1636, 45, 13
1637, 46, 13
1638, 47, 13
1639, 48, 13
1640, 49, 13
1641, 0, 12
1642, 1, 12
1643, 2, 12
1644, 3, 12
1645, 4, 12
1646, 5, 12
1647, 6, 12
1648, 7, 12
1649, 8, 12
1650, 9, 12
1651, 10, 12
1652, 11, 12
1653, 12, 12
1654, 13, 12
1655, 14, 12
1656, 15, 12
1657, 16, 12
1658, 17, 12
1659, 18, 12
1660, 19, 12
1661, 20, 12
1662, 21, 12
1663, 22, 12
1664, 23, 12
1665, 24, 12
1666, 25, 12
1667, 26, 12
1668, 27, 12
1669, 28, 12
1670, 29, 12
1671, 30, 12
1672, 31, 12
1673, 32, 12
1674, 33, 12
1675, 34, 12
1676, 35, 12
1677, 36, 12
1678, 37, 12
1679, 38, 12
1680, 39, 12
1681, 40, 12
1682, 41, 12
1683, 42, 12
1684, 43, 12
1685, 44, 12
1686, 45, 12
1687, 46, 12
1688, 47, 12
1689, 48, 12
1690, 49, 12
1691, 0, 11
1692, 1, 11
1693, 2, 11
1694, 3, 11
1695, 4, 11
1696, 5, 11
1697, 6, 11
1698, 7, 11
1699, 8, 11
1700, 9, 11
1701, 10, 11
1702, 11, 11
1703, 12, 11
1704, 13, 11
1705, 14, 11
1706, 15, 11
1707, 16, 11
1708, 17, 11
1709, 18, 11
1710, 19, 11
1711, 20, 11
1712, 21, 11
1713, 22, 11
1714, 23, 11
1715, 24, 11
1716, 25, 11
1717, 26, 11
1718, 27, 11
1719, 28, 11
1720, 29, 11
1721, 30, 11
1722, 31, 11
1723, 32, 11
1724, 33, 11
1725, 34, 11
1726, 35, 11
1727, 36, 11
1728, 37, 11
1729, 38, 11
1730, 39, 11
1731, 40, 11
1732, 41, 11
1733, 42, 11
1734, 43, 11
1735, 44, 11
1736, 45, 11
1737, 46, 11
1738, 47, 11
1739, 48, 11
1740, 49, 11
1741, 0, 10
1742, 1, 10
1743, 2, 10
1744, 3, 10
1745, 4, 10
1746, 5, 10
1747, 6, 10
1748, 7, 10
1749, 8, 10
1750, 9, 10
1751, 10, 10
1752, 11, 10
1753, 12, 10
1754, 13, 10
1755, 14, 10
1756, 15, 10
1757, 16, 10
1758, 17, 10
1759, 18, 10
1760, 19, 10
1761, 20, 10
1762, 21, 10
1763, 22, 10
1764, 23, 10
1765, 24, 10
1766, 25, 10
1767, 26, 10
1768, 27, 10
1769, 28, 10
1770, 29, 10
1771, 30, 10
1772, 31, 10
1773, 32, 10
1774, 33, 10
1775, 34, 10
1776, 35, 10
1777, 36, 10
1778, 37, 10
1779, 38, 10
1780, 39, 10
1781, 40, 10
1782, 41, 10
1783, 42, 10
1784, 43, 10
1785, 44, 10
1786, 45, 10
1787, 46, 10
1788, 47, 10
1789, 48, 10
1790, 49, 10
1791, 0, 9
1792, 1, 9
1793, 2, 9
1794, 3, 9
1795, 4, 9
1796, 5, 9
1797, 6, 9
1798, 7, 9
1799, 8, 9
1800, 9, 9
1801, 10, 9
1802, 11, 9
1803, 12, 9
1804, 13, 9
1805, 14, 9
1806, 15, 9
1807, 16, 9
1808, 17, 9
1809, 18, 9
1810, 19, 9
1811, 20, 9
1812, 21, 9
1813, 22, 9
1814, 23, 9
1815, 24, 9
1816, 25, 9
1817, 26, 9
1818, 27, 9
1819, 28, 9
1820, 29, 9
1821, 30, 9
1822, 31, 9
1823, 32, 9
1824, 33, 9
1825, 34, 9
1826, 35, 9
1827, 36, 9
1828, 37, 9
1829, 38, 9
1830, 39, 9
1831, 40, 9
1832, 41, 9
1833, 42, 9
1834, 43, 9
1835, 44, 9
1836, 45, 9
1837, 46, 9
1838, 47, 9
1839, 48, 9
1840, 49, 9
1841, 0, 8
1842, 1, 8
1843, 2, 8
1844, 3, 8
1845, 4, 8
1846, 5, 8
1847, 6, 8
1848, 7, 8
1849, 8, 8
1850, 9, 8
1851, 10, 8
1852, 11, 8
1853, 12, 8
1854, 13, 8
1855, 14, 8
1856, 15, 8
1857, 16, 8
1858, 17, 8
1859, 18, 8
1860, 19, 8
1861, 20, 8
1862, 21, 8
1863, 22, 8
1864, 23, 8
1865, 24, 8
1866, 25, 8
1867, 26, 8
1868, 27, 8
1869, 28, 8
1870, 29, 8
1871, 30, 8
1872, 31, 8
1873, 32, 8
1874, 33, 8
1875, 34, 8
1876, 35, 8
1877, 36, 8
1878, 37, 8
1879, 38, 8
1880, 39, 8
1881, 40, 8
1882, 41, 8
1883, 42, 8
1884, 43, 8
1885, 44, 8
1886, 45, 8
1887, 46, 8
1888, 47, 8
1889, 48, 8
1890, 49, 8
1891, 0, 7
1892, 1, 7
1893, 2, 7
1894, 3, 7
1895, 4, 7
1896, 5, 7
1897, 6, 7
1898, 7, 7
1899, 8, 7
1900, 9, 7
1901, 10, 7
1902, 11, 7
1903, 12, 7
1904, 13, 7
1905, 14, 7
1906, 15, 7
1907, 16, 7
1908, 17, 7
1909, 18, 7
1910, 19, 7
1911, 20, 7
1912, 21, 7
1913, 22, 7
1914, 23, 7
1915, 24, 7
1916, 25, 7
1917, 26, 7
1918, 27, 7
1919, 28, 7
1920, 29, 7
1921, 30, 7
1922, 31, 7
1923, 32, 7
1924, 33, 7
1925, 34, 7
1926, 35, 7
1927, 36, 7
1928, 37, 7
1929, 38, 7
1930, 39, 7
1931, 40, 7
1932, 41, 7
1933, 42, 7
1934, 43, 7
1935, 44, 7
1936, 45, 7
1937, 46, 7
1938, 47, 7
1939, 48, 7
1940, 49, 7
1941, 0, 6
1942, 1, 6
1943, 2, 6
1944, 3, 6
1945, 4, 6
1946, 5, 6
1947, 6, 6
1948, 7, 6
1949, 8, 6
1950, 9, 6
1951, 10, 6
1952, 11, 6
1953, 12, 6
1954, 13, 6
1955, 14, 6
1956, 15, 6
1957, 16, 6
1958, 17, 6
1959, 18, 6
1960, 19, 6
1961, 20, 6
1962, 21, 6
1963, 22, 6
1964, 23, 6
1965, 24, 6
1966, 25, 6
1967, 26, 6
1968, 27, 6
1969, 28, 6
1970, 29, 6
1971, 30, 6
1972, 31, 6
1973, 32, 6
1974, 33, 6
1975, 34, 6
1976, 35, 6
1977, 36, 6
1978, 37, 6
1979, 38, 6
1980, 39, 6
1981, 40, 6
1982, 41, 6
1983, 42, 6
1984, 43, 6
1985, 44, 6
1986, 45, 6
1987, 46, 6
1988, 47, 6
1989, 48, 6
1990, 49, 6
1991, 0, 5
1992, 1, 5
1993, 2, 5
1994, 3, 5
1995, 4, 5
1996, 5, 5
1997, 6, 5
1998, 7, 5
1999, 8, 5
2000, 9, 5
2001, 10, 5
2002, 11, 5
2003, 12, 5
2004, 13, 5
2005, 14, 5
2006, 15, 5
2007, 16, 5
2008, 17, 5
2009, 18, 5
2010, 19, 5
2011, 20, 5
2012, 21, 5
2013, 22, 5
2014, 23, 5
2015, 24, 5
2016, 25, 5
2017, 26, 5
2018, 27, 5
2019, 28, 5
2020, 29, 5
2021, 30, 5
2022, 31, 5
2023, 32, 5
2024, 33, 5
2025, 34, 5
2026, 35, 5
2027, 36, 5
2028, 37, 5
2029, 38, 5
2030, 39, 5
2031, 40, 5
2032, 41, 5
2033, 42, 5
2034, 43, 5
2035, 44, 5
2036, 45, 5
2037, 46, 5
2038, 47, 5
2039, 48, 5
2040, 49, 5
2041, 0, 4
2042, 1, 4
2043, 2, 4
2044, 3, 4
2045, 4, 4
2046, 5, 4
2047, 6, 4
2048, 7, 4
2049, 8, 4
2050, 9, 4
2051, 10, 4
2052, 11, 4
2053, 12, 4
2054, 13, 4
2055, 14, 4
2056, 15, 4
2057, 16, 4
2058, 17, 4
2059, 18, 4
2060, 19, 4
2061, 20, 4
2062, 21, 4
2063, 22, 4
2064, 23, 4
2065, 24, 4
2066, 25, 4
2067, 26, 4
2068, 27, 4
2069, 28, 4
2070, 29, 4
2071, 30, 4
2072, 31, 4
2073, 32, 4
2074, 33, 4
2075, 34, 4
2076, 35, 4
2077, 36, 4
2078, 37, 4
2079, 38, 4
2080, 39, 4
2081, 40, 4
2082, 41, 4
2083, 42, 4
2084, 43, 4
2085, 44, 4
2086, 45, 4
2087, 46, 4
2088, 47, 4
2089, 48, 4
2090, 49, 4
2091, 0, 3
2092, 1, 3
2093, 2, 3
2094, 3, 3
2095, 4, 3
2096, 5, 3
2097, 6, 3
2098, 7, 3
2099, 8, 3
2100, 9, 3
2101, 10, 3
2102, 11, 3
2103, 12, 3
2104, 13, 3
2105, 14, 3
2106, 15, 3
2107, 16, 3
2108, 17, 3
2109, 18, 3
2110, 19, 3
2111, 20, 3
2112, 21, 3
2113, 22, 3
2114, 23, 3
2115, 24, 3
2116, 25, 3
2117, 26, 3
2118, 27, 3
2119, 28, 3
2120, 29, 3
2121, 30, 3
2122, 31, 3
2123, 32, 3
2124, 33, 3
2125, 34, 3
2126, 35, 3
2127, 36, 3
2128, 37, 3
2129, 38, 3
2130, 39, 3
2131, 40, 3
2132, 41, 3
2133, 42, 3
2134, 43, 3
2135, 44, 3
2136, 45, 3
2137, 46, 3
2138, 47, 3
2139, 48, 3
2140, 49, 3
2141, 0, 2
2142, 1, 2
2143, 2, 2
2144, 3, 2
2145, 4, 2
2146, 5, 2
2147, 6, 2
2148, 7, 2
2149, 8, 2
2150, 9, 2
2151, 10, 2
2152, 11, 2
2153, 12, 2
2154, 13, 2
2155, 14, 2
2156, 15, 2
2157, 16, 2
2158, 17, 2
2159, 18, 2
2160, 19, 2
2161, 20, 2
2162, 21, 2
2163, 22, 2
2164, 23, 2
2165, 24, 2
2166, 25, 2
2167, 26, 2
2168, 27, 2
2169, 28, 2
2170, 29, 2
2171, 30, 2
2172, 31, 2
2173, 32, 2
2174, 33, 2
2175, 34, 2
2176, 35, 2
2177, 36, 2
2178, 37, 2
2179, 38, 2
2180, 39, 2
2181, 40, 2
2182, 41, 2
2183, 42, 2
2184, 43, 2
2185, 44, 2
2186, 45, 2
2187, 46, 2
2188, 47, 2
2189, 48, 2
2190, 49, 2
2191, 0, 1
2192, 1, 1
2193, 2, 1
2194, 3, 1
2195, 4, 1
2196, 5, 1
2197, 6, 1
2198, 7, 1
2199, 8, 1
2200, 9, 1
2201, 10, 1
2202, 11, 1
2203, 12, 1
2204, 13, 1
2205, 14, 1
2206, 15, 1
2207, 16, 1
2208, 17, 1
2209, 18, 1
2210, 19, 1
2211, 20, 1
2212, 21, 1
2213, 22, 1
2214, 23, 1
2215, 24, 1
2216, 25, 1
2217, 26, 1
2218, 27, 1
2219, 28, 1
2220, 29, 1
2221, 30, 1
2222, 31, 1
2223, 32, 1
2224, 33, 1
2225, 34, 1
2226, 35, 1
2227, 36, 1
2228, 37, 1
2229, 38, 1
2230, 39, 1
2231, 40, 1
2232, 41, 1
2233, 42, 1
2234, 43, 1
2235, 44, 1
2236, 45, 1
2237, 46, 1
2238, 47, 1
2239, 48, 1
2240, 49, 1
2241, 0, 0
2242, 1, 0
2243, 2, 0
2244, 3, 0
2245, 4, 0
2246, 5, 0
2247, 6, 0
2248, 7, 0
2249, 8, 0
2250, 9, 0
2251, 10, 0
2252, 11, 0
2253, 12, 0
2254, 13, 0
2255, 14, 0
2256, 15, 0
2257, 16, 0
2258, 17, 0
2259, 18, 0
2260, 19, 0
2261, 20, 0
2262, 21, 0
2263, 22, 0
2264, 23, 0
2265, 24, 0
2266, 25, 0
2267, 26, 0
2268, 27, 0
2269, 28, 0
2270, 29, 0
2271, 30, 0
2272, 31, 0
2273, 32, 0
2274, 33, 0
2275, 34, 0
2276, 35, 0
2277, 36, 0
2278, 37, 0
2279, 38, 0
2280, 39, 0
2281, 40, 0
2282, 41, 0
2283, 42, 0
2284, 43, 0
2285, 44, 0
2286, 45, 0
2287, 46, 0
2288, 47, 0
2289, 48, 0
2290, 49, 0
