index, temperature
1, 30.0
2, 35.2027875139
3, 40.4103715255
4, 45.6275960979
5, 50.8594016795
6, 56.1108765048
7, 61.3873120526
8, 66.6942642837
9, 72.0376227412
10, 77.4236901241
11, 82.8592756848
12, 88.3518068655
13, 93.9094651058
14, 99.541353973
15, 105.25771104
16, 111.070179891
17, 116.992166301
18, 123.039314848
19, 129.230162262
20, 135.587058123
21, 142.137504693
22, 148.916183048
23, 155.968165169
24, 163.354320628
25, 171.161162974
26, 179.520781934
27, 188.657239207
28, 199.014542031
29, 211.678335328
30, 230.0
31, 30.0
32, 35.2003892651
33, 40.4055512452
34, 45.6203055934
35, 50.8495670577
36, 56.0983961435
37, 61.372053711
38, 66.6760611705
39, 72.0162682785
40, 77.3989310351
41, 82.8308028749
42, 88.3192433357
43, 93.8723497924
44, 99.4991198732
45, 105.209655148
46, 111.01542111
47, 116.929585233
48, 122.967465415
49, 129.147138038
50, 135.490282769
51, 142.0233888
52, 148.779531166
53, 155.8010785
54, 163.143977184
55, 170.884774668
56, 179.132362776
57, 188.046816432
58, 197.861296795
59, 208.849399641
60, 220.845765211
61, 230.0
62, 30.0
63, 35.1932183012
64, 40.3911385966
65, 45.5985079726
66, 50.8201648145
67, 56.0610873004
68, 61.3264454775
69, 66.6216584086
70, 71.9524581674
71, 77.324962863
72, 82.7457614439
73, 88.22201381
74, 93.7615708549
75, 99.3731205794
76, 105.066368568
77, 110.85226417
78, 116.743288107
79, 122.75382354
80, 128.900641707
81, 135.203546116
82, 141.686236572
83, 148.377474316
84, 155.312640479
85, 162.535734942
86, 170.101595736
87, 178.077078072
88, 186.53636695
89, 195.534429074
90, 205.012201231
91, 214.533661203
92, 222.888678399
93, 230.0
94, 30.0
95, 35.1813453431
96, 40.3672768675
97, 45.5624228861
98, 50.7714969271
99, 55.9993427661
100, 61.2509824899
101, 66.5316688192
102, 71.8469431193
103, 77.2027008056
104, 82.6052662276
105, 88.0614796056
106, 93.5787992377
107, 99.1654230215
108, 104.830434375
109, 110.583978894
110, 116.437479485
111, 122.40389893
112, 128.498059133
113, 134.737023415
114, 141.140537055
115, 147.731489047
116, 154.536274159
117, 161.584726369
118, 168.908795261
119, 176.537986826
120, 184.487144224
121, 192.727851319
122, 201.131315006
123, 209.38799997
124, 217.021052392
125, 223.874459298
126, 230.0
127, 30.0
128, 35.1648862038
129, 40.3342006443
130, 45.5124097771
131, 50.7040572418
132, 55.913804347
133, 61.1464728966
134, 66.4070912592
135, 71.7009446851
136, 77.0336310124
137, 82.4111230552
138, 87.8398391472
139, 93.3267234689
140, 98.879337894
141, 104.505967015
142, 110.215737548
143, 116.018752008
144, 121.926233561
145, 127.950672481
146, 134.105951357
147, 140.407399188
148, 146.871670656
149, 153.51624074
150, 160.358101114
151, 167.410872115
152, 174.678929746
153, 182.1463718
154, 189.758516974
155, 197.397207502
156, 204.865971281
157, 211.933071902
158, 218.476784798
159, 224.483809347
160, 230.0
161, 30.0
162, 35.1439988276
163, 40.2922297289
164, 45.4489583362
165, 50.618517916
166, 55.8053444835
167, 61.0140134905
168, 66.2492786356
169, 71.5161133497
170, 76.8197555036
171, 82.1657558338
172, 87.5600304591
173, 93.0089175966
174, 98.5192380703
175, 104.098358245
176, 109.754252274
177, 115.495557439
178, 121.331610825
179, 127.272445874
180, 133.328710343
181, 139.511437684
182, 145.831553651
183, 152.298917032
184, 158.920565231
185, 165.697662338
186, 172.620488243
187, 179.660896256
188, 186.762637274
189, 193.833026747
190, 200.74560575
191, 207.368479136
192, 213.615798647
193, 219.458452589
194, 224.908536892
195, 230.0
196, 30.0
197, 35.1188793778
198, 40.2417611073
199, 45.3726759227
200, 50.5157116027
201, 55.6750421804
202, 60.8549579463
203, 66.0598964431
204, 71.2944745744
205, 76.5635218185
206, 81.8721143172
207, 87.2256092587
208, 92.6296783881
209, 98.0903385456
210, 103.613975619
211, 109.207355865
212, 114.87761465
213, 120.632206424
214, 126.478789848
215, 132.425006456
216, 138.478087553
217, 144.644189232
218, 150.927308505
219, 157.32758044
220, 163.838723765
221, 170.444464631
222, 177.114087708
223, 183.798109119
224, 190.426656463
225, 196.914945834
226, 203.179440246
227, 209.159478064
228, 214.825665472
229, 220.175694978
230, 225.225339663
231, 230.0
232, 30.0
233, 35.0897575764
234, 40.1832593999
235, 45.2842726447
236, 50.3966103915
237, 55.5241546891
238, 60.6708796713
239, 65.8408746159
240, 71.0383666865
241, 76.2677428787
242, 81.5335703579
243, 86.8406138705
244, 92.1938481513
245, 97.5984621049
246, 103.059849821
247, 108.583580918
248, 114.17533887
249, 119.840810375
250, 125.585500637
251, 131.414438082
252, 137.331716839
253, 143.33980722
254, 149.438547315
255, 155.623724261
256, 161.885187649
257, 168.204558808
258, 174.552880825
259, 180.88905503
260, 187.160544153
261, 193.308080878
262, 199.274857951
263, 205.017007892
264, 210.509036255
265, 215.743237886
266, 220.725663673
267, 225.471307611
268, 230.0
269, 30.0
270, 35.0568915279
271, 40.1172462713
272, 45.1845448645
273, 50.2623026296
274, 55.3540865133
275, 60.4635314339
276, 65.5943556627
277, 70.7503746768
278, 75.935512652
279, 81.1538103653
280, 86.4094277141
281, 91.7066382419
282, 97.0498119012
283, 102.443380644
284, 107.891779114
285, 113.399349538
286, 118.970195567
287, 124.607964244
288, 130.315528396
289, 136.0945345
290, 141.944775493
291, 147.863349275
292, 153.843581639
293, 159.873743763
294, 165.935702128
295, 172.003821755
296, 178.044686022
297, 184.01838424
298, 189.881975574
299, 195.594902787
300, 201.124659298
301, 206.45023377
302, 211.562556637
303, 216.462769534
304, 221.159566769
305, 225.666541928
306, 230.0
307, 30.0
308, 35.0205622638
309, 40.0442892929
310, 45.0743579124
311, 50.1139687492
312, 55.1663573005
313, 60.2348038884
314, 65.322641924
315, 70.4332637062
316, 75.5701226872
317, 80.736730737
318, 85.9366483788
319, 91.1734652008
320, 96.4507666146
321, 101.772081738
322, 107.140805357
323, 112.5600846
324, 118.032658113
325, 123.560632376
326, 129.145176757
327, 134.786117273
328, 140.481410979
329, 146.226492654
330, 152.013509255
331, 157.830503637
332, 163.660684185
333, 169.482018046
334, 175.267483064
335, 180.986331212
336, 186.60653439
337, 192.098118326
338, 197.436492741
339, 202.604682891
340, 207.593985359
341, 212.403291058
342, 217.037648002
343, 221.506600942
344, 225.822652758
345, 230.0
346, 30.0
347, 34.9810682343
348, 39.9649907242
349, 44.954628743
350, 49.9528571542
351, 54.9625700513
352, 59.986684895
353, 65.0281444388
354, 70.0899155369
355, 75.1749836536
356, 80.2863415168
357, 85.4269698632
358, 90.5998075679
359, 95.8077076186
360, 101.053374336
361, 106.339275977
362, 111.667525391
363, 117.03971991
364, 122.456730389
365, 127.918428982
366, 133.423346855
367, 138.968258494
368, 144.547701108
369, 150.153459089
370, 155.774077345
371, 161.394512929
372, 166.99608318
373, 172.556896976
374, 178.052923152
375, 183.45971245
376, 188.754543385
377, 193.91851045
378, 198.938019693
379, 203.80541085
380, 208.518761335
381, 213.081133241
382, 217.499561079
383, 221.784010091
384, 225.946436946
385, 230.0
386, 30.0
387, 34.9387199492
388, 39.8799766265
389, 44.8263091813
390, 49.7802610732
391, 54.7443808554
392, 59.7212212017
393, 64.7133353993
394, 69.7232703489
395, 74.7535548733
396, 79.8066818136
397, 84.8850819891
398, 89.9910875891
399, 95.1268819558
400, 100.294432011
401, 105.495398823
402, 110.731021077
403, 116.001965746
404, 121.308140289
405, 126.648461928
406, 132.020582671
407, 137.420575036
408, 142.842594193
409, 148.27854865
410, 153.717833725
411, 159.147207005
412, 164.55090477
413, 169.911098507
414, 175.208751972
415, 180.424848872
416, 185.541832314
417, 190.544985982
418, 195.423474582
419, 200.170877014
420, 204.785210191
421, 209.268562549
422, 213.626500041
423, 217.867389581
424, 222.001737694
425, 226.041590703
426, 230.0
427, 30.0
428, 34.8938349361
429, 39.7898866512
430, 44.6903702824
431, 49.5974971019
432, 54.5134710953
433, 59.4404836572
434, 64.3807056076
435, 69.3362755861
436, 74.3092836772
437, 79.3017488753
438, 84.3155886905
439, 89.3525788435
440, 94.4143006042
441, 99.5020729309
442, 104.616866226
443, 109.759194348
444, 114.928981707
445, 120.125403094
446, 125.346695772
447, 130.589946863
448, 135.850864784
449, 141.12355198
450, 146.400307591
451, 151.6715019
452, 156.925576597
453, 162.149230386
454, 167.32784031
455, 172.446137357
456, 177.489098751
457, 182.442951016
458, 187.296126583
459, 192.040015637
460, 196.669412433
461, 201.182639865
462, 205.581406725
463, 209.870486954
464, 214.057310497
465, 218.151533545
466, 222.164625119
467, 226.109475172
468, 230.0
469, 30.0
470, 34.8467331441
471, 39.6953647597
472, 44.5477881953
473, 49.4058859567
474, 54.2715227669
475, 59.146536724
476, 64.032727788
477, 68.9318427107
478, 73.845555374
479, 78.7754413197
480, 83.7229450541
481, 88.6893384903
482, 93.6756686864
483, 98.6826928822
484, 103.710798802
485, 108.759908381
486, 113.829363641
487, 118.917794608
488, 124.022971201
489, 129.141644226
490, 134.269385258
491, 139.400441353
492, 144.527627834
493, 149.642289688
494, 154.734367097
495, 159.792599868
496, 164.804894991
497, 169.758858394
498, 174.64245776
499, 179.444746418
500, 184.156553695
501, 188.771048951
502, 193.284117216
503, 197.694530112
504, 202.00393753
505, 206.216730554
506, 210.339831908
507, 214.382460871
508, 218.355901054
509, 222.273275569
510, 226.149306241
511, 230.0
512, 30.0
513, 34.7977328805
514, 39.5970510484
515, 44.3995317825
516, 49.2067357626
517, 54.0201972916
518, 58.841412684
519, 63.6718261095
520, 68.5128120949
521, 73.3656537885
522, 78.2315159755
523, 83.1114117159
524, 88.0061613772
525, 92.9163427689
526, 97.8422311093
527, 102.783727719
528, 107.740276734
529, 112.710769868
530, 117.693440496
531, 122.685750198
532, 127.684273583
533, 132.68459067
534, 137.681200338
535, 142.667472703
536, 147.635661922
537, 152.577002234
538, 157.481906997
539, 162.340281393
540, 167.141943467
541, 171.877127475
542, 176.537023202
543, 181.114292827
544, 185.603509256
545, 190.001477369
546, 194.307425837
547, 198.523082728
548, 202.652665826
549, 206.702825709
550, 210.682576979
551, 214.603242656
552, 218.47841981
553, 222.323949395
554, 226.157835469
555, 230.0
556, 30.0
557, 34.7471473296
558, 39.4955747707
559, 44.2465521237
560, 49.0013280196
561, 53.7611179528
562, 58.527090611
563, 63.3003518711
564, 68.0819257707
565, 72.8727317097
566, 77.6735570779
567, 82.4850244568
568, 87.3075525338
569, 92.1413099027
570, 96.9861610668
571, 101.841604231
572, 106.706700969
573, 111.579998602
574, 116.459447308
575, 121.342315513
576, 126.225109237
577, 131.1035035
578, 135.972296628
579, 140.825400717
580, 145.655883065
581, 150.456072919
582, 155.217744494
583, 159.932380117
584, 164.591506608
585, 169.187085471
586, 173.711926088
587, 178.160085156
588, 182.527217876
589, 186.810857166
590, 191.010613139
591, 195.128301719
592, 199.168024311
593, 203.136228126
594, 207.041778677
595, 210.896072783
596, 214.71321162
597, 218.51023606
598, 222.307392481
599, 226.128329944
600, 230.0
601, 30.0
602, 34.6952816673
603, 39.3915485812
604, 44.0897739218
605, 48.7909062395
606, 53.4958558889
607, 58.2054799361
608, 62.9205649933
609, 67.641807407
610, 72.3697902018
611, 77.1049561694
612, 81.8475764997
613, 86.5977143982
614, 91.3551832415
615, 96.1194990236
616, 100.889827171
617, 105.664924307
618, 110.443076264
619, 115.22203462
620, 119.998955309
621, 124.770344351
622, 129.532017466
623, 134.279081955
624, 139.005950471
625, 143.706396703
626, 148.373661881
627, 153.000617945
628, 157.579987971
629, 162.104617376
630, 166.567781713
631, 170.963510525
632, 175.286903831
633, 179.534419928
634, 183.704120279
635, 187.795867835
636, 191.811486698
637, 195.754901574
638, 199.632283805
639, 203.452236821
640, 207.226058177
641, 210.968117827
642, 214.696390745
643, 218.433168449
644, 222.205927295
645, 226.048202335
646, 230.0
647, 30.0
648, 34.6424307584
649, 39.285563965
650, 43.9300887428
651, 48.5766671277
652, 53.2259194272
653, 57.8784082511
654, 62.534620759
655, 67.1949486623
656, 71.8596655211
657, 76.5289008982
658, 81.2026109745
659, 85.8805453179
660, 90.5622096416
661, 95.2468246151
662, 99.9332811217
663, 104.620092824
664, 109.305347525
665, 113.986659601
666, 118.661126753
667, 123.32529539
668, 127.97514006
669, 132.606063257
670, 137.212922508
671, 141.790091395
672, 146.331559958
673, 150.831077432
674, 155.282336447
675, 159.679193213
676, 164.015913481
677, 168.287430466
678, 172.489599716
679, 176.619437724
680, 180.675336187
681, 184.657251225
682, 188.566875663
683, 192.407811482
684, 196.185768699
685, 199.908826626
686, 203.587805279
687, 207.236810765
688, 210.874040643
689, 214.522963277
690, 218.214008452
691, 221.986882044
692, 225.893406485
693, 230.0
694, 30.0
695, 34.5888774014
696, 39.1781877774
697, 43.7683499566
698, 48.3597541015
699, 52.9527464412
700, 57.547612882
701, 62.1445611294
702, 66.743700962
703, 71.345022322
704, 75.9483709277
705, 80.5534211823
706, 85.1596462572
707, 89.7662853917
708, 94.3723086734
709, 98.9763798764
710, 103.576818344
711, 108.171561413
712, 112.758129506
713, 117.33359671
714, 121.894570399
715, 126.437184125
716, 130.957108503
717, 135.449584911
718, 139.909486409
719, 144.331409125
720, 148.709795379
721, 153.03908717
722, 157.313905549
723, 161.52924853
724, 165.680698143
725, 169.764626843
726, 173.778395067
727, 177.720535518
728, 181.590925216
729, 185.390953248
730, 189.12369999
731, 192.794152884
732, 196.409495703
733, 199.979525549
734, 203.51727931
735, 207.039997784
736, 210.570635563
737, 214.140261193
738, 217.791910905
739, 221.586743895
740, 225.613414921
741, 230.0
742, 30.0
743, 34.5348910699
744, 39.0699597868
745, 43.6053692046
746, 48.1412528805
747, 52.6776993539
748, 57.2147357062
749, 61.7523099147
750, 66.2902717345
751, 70.8283518771
752, 75.3661393084
753, 79.9030565697
754, 84.4383331369
755, 88.9709769948
756, 93.4997448103
757, 98.0231113669
758, 102.539239261
759, 107.045950275
760, 111.540700299
761, 116.020560184
762, 120.48220537
763, 124.921917538
764, 129.33560172
765, 133.718822223
766, 138.066860207
767, 142.374794754
768, 146.63760779
769, 150.850311305
770, 155.008093284
771, 159.106476946
772, 163.141486735
773, 167.109814445
774, 171.008980184
775, 174.837485602
776, 178.594960874
777, 182.282312121
778, 185.901882348
779, 189.457647143
780, 192.955477755
781, 196.403521902
782, 199.812783145
783, 203.198035619
784, 206.57932
785, 209.98448985
786, 213.453756489
787, 217.048243269
788, 220.866915789
789, 225.080974196
790, 230.0
791, 30.0
792, 34.4807270914
793, 38.9613910953
794, 43.4419141944
795, 47.9221888621
796, 52.4020623879
797, 56.8813206742
798, 61.3596710886
799, 65.8367241842
800, 70.3119741434
801, 74.7847778592
802, 79.2543326511
803, 83.719652726
804, 88.1795446403
805, 92.6325822062
806, 97.0770815196
807, 101.51107706
808, 105.932300128
809, 110.338161232
810, 114.725738356
811, 119.091773359
812, 123.432678937
813, 127.744558615
814, 132.023242055
815, 136.264337441
816, 140.463301892
817, 144.615529722
818, 148.716456976
819, 152.761679335
820, 156.747079235
821, 160.668957405
822, 164.524164018
823, 168.310225621
824, 172.025465831
825, 175.669120558
826, 179.241452015
827, 182.743870137
828, 186.179075587
829, 189.55124627
830, 192.866301159
831, 196.132295747
832, 199.360041548
833, 202.564118969
834, 205.764621718
835, 208.990381931
836, 212.285556905
837, 215.725030767
838, 219.456980997
839, 223.843240627
840, 230.0
841, 30.0
842, 34.4266262004
843, 38.8529633085
844, 43.2787076156
845, 47.7035259855
846, 52.1270406614
847, 56.5488135142
848, 60.9683295813
849, 65.3849797701
850, 69.7980426532
851, 74.206665334
852, 78.6098434495
853, 83.0064004758
854, 87.3949666341
855, 91.7739578546
856, 96.1415554456
857, 100.49568733
858, 104.834011945
859, 109.153906144
860, 113.452458648
861, 117.726470774
862, 121.972466236
863, 126.186711749
864, 130.365249942
865, 134.503945608
866, 138.598545653
867, 142.644752229
868, 146.638307544
869, 150.575087845
870, 154.451203255
871, 158.26309963
872, 162.007658603
873, 165.682292452
874, 169.285031542
875, 172.81460351
876, 176.270505246
877, 179.653070596
878, 182.963538798
879, 186.20413058
880, 189.378140717
881, 192.490057136
882, 195.545715858
883, 198.552492609
884, 201.51949612
885, 204.457592614
886, 207.378571652
887, 210.290669379
888, 213.178678396
889, 215.915981512
890, 217.860448692
891, 30.0
892, 34.3728144017
893, 38.7451283228
894, 43.116426974
895, 47.4861668031
896, 51.8537607578
897, 56.2185631401
898, 60.5798539521
899, 64.9368226619
900, 69.2885513654
901, 73.633997374
902, 77.971975337
903, 82.3011390936
904, 86.6199635657
905, 90.9267271325
906, 95.2194950784
907, 99.4961048689
908, 103.754154178
909, 107.990992751
910, 112.203719318
911, 116.389184854
912, 120.544003484
913, 124.664572203
914, 128.747100356
915, 132.787649397
916, 136.782182883
917, 140.726625997
918, 144.616933124
919, 148.449161246
920, 152.219546308
921, 155.924579259
922, 159.56107831
923, 163.126254044
924, 166.617764373
925, 170.033756697
926, 173.372894862
927, 176.634368202
928, 179.817878429
929, 182.923596536
930, 185.952073994
931, 188.90407622
932, 191.78027214
933, 194.580639489
934, 197.303277539
935, 199.941920752
936, 202.480467711
937, 204.880396701
938, 207.051081696
939, 208.781558332
940, 209.609831746
941, 30.0
942, 34.3195030835
943, 38.638308607
944, 42.9557051545
945, 47.2709534952
946, 51.5832724265
947, 55.8918243362
948, 60.195700425
949, 64.4939055602
950, 68.7853427723
951, 73.0687974595
952, 77.342921431
953, 81.606216996
954, 85.8570214025
955, 90.0934920312
956, 94.3135928666
957, 98.5150828896
958, 102.695507147
959, 106.852191364
960, 110.982241018
961, 115.082545841
962, 119.149790642
963, 123.180473221
964, 127.170929883
965, 131.117368742
966, 135.015910483
967, 138.862635752
968, 142.653637711
969, 146.385077709
970, 150.053241472
971, 153.654592789
972, 157.185821333
973, 160.64388104
974, 164.026015211
975, 167.32976404
976, 170.552949304
977, 173.693628923
978, 176.750010179
979, 179.720303141
980, 182.602482501
981, 185.393901612
982, 188.090656993
983, 190.686515668
984, 193.171053795
985, 195.526345145
986, 197.720981739
987, 199.699368018
988, 201.363693355
989, 202.549338375
990, 203.015761627
991, 30.0
992, 34.2668893253
993, 38.5328978671
994, 42.7971315417
995, 47.0586695968
996, 51.3165511169
997, 55.5697613531
998, 59.8172178515
999, 64.0577563816
1000, 68.290116704
1001, 72.5129282609
1002, 76.7246959314
1003, 80.9237860568
1004, 85.1084130173
1005, 89.2766267231
1006, 93.4263014673
1007, 97.5551266753
1008, 101.660600158
1009, 105.74002454
1010, 109.790507548
1011, 113.808966848
1012, 117.792140024
1013, 121.736600155
1014, 125.638777214
1015, 129.494985206
1016, 133.301454555
1017, 137.054368816
1018, 140.749904258
1019, 144.384270405
1020, 147.953749082
1021, 151.454729092
1022, 154.883733192
1023, 158.237433573
1024, 161.512651392
1025, 164.706334948
1026, 167.815509391
1027, 170.837188006
1028, 173.768230225
1029, 176.605123347
1030, 179.343651258
1031, 181.978390734
1032, 184.50193855
1033, 186.903712395
1034, 189.168076829
1035, 191.271424292
1036, 193.177746082
1037, 194.832400278
1038, 196.154985331
1039, 197.036340185
1040, 197.354538012
1041, 30.0
1042, 34.2151563504
1043, 38.4292619946
1044, 42.6412535483
1045, 46.8500422332
1046, 51.0545010912
1047, 55.2534521079
1048, 59.4456532463
1049, 63.6297854108
1050, 67.8044394013
1051, 71.9681029488
1052, 76.119147977
1053, 80.2558182824
1054, 84.3762178868
1055, 88.4783003767
1056, 92.5598596044
1057, 96.6185221858
1058, 100.65174227
1059, 104.65679909
1060, 108.630797786
1061, 112.57067398
1062, 116.473202452
1063, 120.335010161
1064, 124.152593612
1065, 127.922340311
1066, 131.640553717
1067, 135.303480698
1068, 138.9073401
1069, 142.448350572
1070, 145.92275536
1071, 149.326841303
1072, 152.656948771
1073, 155.909468668
1074, 159.080821836
1075, 162.167414968
1076, 165.165565306
1077, 168.071383484
1078, 170.880599366
1079, 173.588308766
1080, 176.18860845
1081, 178.674071514
1082, 181.034994079
1083, 183.258318534
1084, 185.326116834
1085, 187.213529112
1086, 188.886178019
1087, 190.297501681
1088, 191.387507505
1089, 192.086499022
1090, 192.32971005
1091, 30.0
1092, 34.1644740818
1093, 38.3277402126
1094, 42.4885784237
1095, 46.6457446968
1096, 50.7979589066
1097, 54.9438927412
1098, 59.0821576148
1099, 63.2112926141
1100, 67.3297525415
1101, 71.4358961559
1102, 75.5279747453
1103, 79.6041212089
1104, 83.662339871
1105, 87.7004972923
1106, 91.7163143877
1107, 95.707360193
1108, 99.6710476477
1109, 103.604631763
1110, 107.505210527
1111, 111.369728833
1112, 115.194985642
1113, 118.977644425
1114, 122.714246761
1115, 126.40122871
1116, 130.034939303
1117, 133.611660161
1118, 137.127624873
1119, 140.579036423
1120, 143.962080482
1121, 147.272931991
1122, 150.507751921
1123, 153.662670492
1124, 156.733752315
1125, 159.716937783
1126, 162.607953382
1127, 165.402181259
1128, 168.094474991
1129, 170.6789039
1130, 173.148402263
1131, 175.494292794
1132, 177.705647718
1133, 179.768450829
1134, 181.66454286
1135, 183.370397303
1136, 184.8559352
1137, 186.083920923
1138, 187.011043986
1139, 187.592438349
1140, 187.791304144
1141, 30.0
1142, 34.1149997643
1143, 38.2286463502
1144, 42.3395752372
1145, 46.4463992235
1146, 50.5476970973
1147, 54.6420023354
1148, 58.7277918578
1149, 62.8034748892
1150, 66.8673819946
1151, 70.9177543881
1152, 74.9527336394
1153, 78.970351937
1154, 82.9685230959
1155, 86.9450345339
1156, 90.8975404611
1157, 94.8235565508
1158, 98.7204563639
1159, 102.585469789
1160, 106.415683726
1161, 110.208045184
1162, 113.959366858
1163, 117.666335137
1164, 121.325520297
1165, 124.933388463
1166, 128.486314626
1167, 131.980595768
1168, 135.412462808
1169, 138.778089764
1170, 142.073598153
1171, 145.295054258
1172, 148.43845643
1173, 151.499709063
1174, 154.474579151
1175, 157.358630466
1176, 160.147129179
1177, 162.834913179
1178, 165.416215437
1179, 167.884429579
1180, 170.231803908
1181, 172.449049682
1182, 174.524853169
1183, 176.445294204
1184, 178.193206473
1185, 179.74758204
1186, 181.083244556
1187, 182.171202826
1188, 182.980309167
1189, 183.480906245
1190, 183.650629828
1191, 30.0
1192, 34.0668786252
1193, 38.1322701868
1194, 42.1946769514
1195, 46.2525798626
1196, 50.3044279239
1197, 54.3486276451
1198, 58.3835325918
1199, 62.4074330903
1200, 66.4185461596
1201, 70.4150057623
1202, 74.3948534874
1203, 78.3560298036
1204, 82.2963660417
1205, 86.2135772862
1206, 90.105256372
1207, 93.9688691853
1208, 97.8017514683
1209, 101.601107302
1210, 105.364009404
1211, 109.087401318
1212, 112.768101471
1213, 116.402808966
1214, 119.988110827
1215, 123.52049022
1216, 126.996334971
1217, 130.411945477
1218, 133.763540826
1219, 137.047261672
1220, 140.25916811
1221, 143.395230457
1222, 146.451310479
1223, 149.42313018
1224, 152.306224758
1225, 155.095875752
1226, 157.78701969
1227, 160.37412684
1228, 162.851044
1229, 165.210795072
1230, 167.445334106
1231, 169.545248856
1232, 171.499421072
1233, 173.294666345
1234, 174.915406789
1235, 176.343479828
1236, 177.558258156
1237, 178.537336657
1238, 179.258083613
1239, 179.700247634
1240, 179.849402677
1241, 30.0
1242, 34.0202445498
1243, 38.0388788203
1244, 42.0542825189
1245, 46.0648153517
1246, 50.0688070905
1247, 54.0645477294
1248, 58.0502777741
1249, 62.0241787206
1250, 65.9843637914
1251, 69.9288690141
1252, 73.8556447443
1253, 77.7625477485
1254, 81.6473339809
1255, 85.5076521974
1256, 89.3410385553
1257, 93.1449123501
1258, 96.9165730221
1259, 100.653198546
1260, 104.351845271
1261, 108.009449214
1262, 111.62282874
1263, 115.188688428
1264, 118.703623827
1265, 122.164126619
1266, 125.56658956
1267, 128.907310343
1268, 132.182493347
1269, 135.388247988
1270, 138.520582158
1271, 141.575388981
1272, 144.54842485
1273, 147.435276419
1274, 150.23131395
1275, 152.931628093
1276, 155.530946988
1277, 158.023530492
1278, 160.40303865
1279, 162.662372604
1280, 164.793488589
1281, 166.787190566
1282, 168.632915916
1283, 170.318543316
1284, 171.830274509
1285, 173.152672328
1286, 174.268971585
1287, 175.161802031
1288, 175.814440993
1289, 176.212598001
1290, 176.346485614
1291, 30.0
1292, 33.9752207536
1293, 37.9487180258
1294, 41.9187589522
1295, 45.8835919347
1296, 49.8414373571
1297, 53.7904784078
1298, 57.7288520545
1299, 61.6546402266
1300, 65.5658612711
1301, 69.4604617586
1302, 73.3363087273
1303, 77.191182465
1304, 81.0227699362
1305, 84.828658967
1306, 88.6063333019
1307, 92.3531686378
1308, 96.0664297239
1309, 99.7432685896
1310, 103.380723918
1311, 106.975721528
1312, 110.525075848
1313, 114.02549218
1314, 117.473569432
1315, 120.865802869
1316, 124.198586308
1317, 127.468212989
1318, 130.670874231
1319, 133.802654774
1320, 136.859523553
1321, 139.83731846
1322, 142.731723519
1323, 145.538236697
1324, 148.252126531
1325, 150.868375683
1326, 153.381609678
1327, 155.786009489
1328, 158.075207504
1329, 160.242168107
1330, 162.279057078
1331, 164.177108903
1332, 165.926508711
1333, 167.516316493
1334, 168.934475602
1335, 170.167963391
1336, 171.203153823
1337, 172.026458891
1338, 172.625280328
1339, 172.989217762
1340, 173.111343778
1341, 30.0
1342, 33.9319204387
1343, 37.862013577
1344, 41.7884433295
1345, 45.7093560777
1346, 49.6228719953
1347, 53.5270764903
1348, 57.4200118095
1349, 61.2996688602
1350, 65.1639793079
1351, 69.0108080217
1352, 72.8379459411
1353, 76.6431034481
1354, 80.4239043319
1355, 84.1778804324
1356, 87.9024670474
1357, 91.5949991752
1358, 95.2527086463
1359, 98.8727221704
1360, 102.452060284
1361, 105.987637131
1362, 109.476260942
1363, 112.914635013
1364, 116.299358851
1365, 119.626929119
1366, 122.893739813
1367, 126.096081073
1368, 129.230135813
1369, 132.291973326
1370, 135.277538818
1371, 138.182637788
1372, 141.002914069
1373, 143.733820318
1374, 146.370579794
1375, 148.908138429
1376, 151.341106552
1377, 153.663690282
1378, 155.869613769
1379, 157.952035242
1380, 159.903462713
1381, 161.715679258
1382, 163.379693532
1383, 164.885738343
1384, 166.223348017
1385, 167.38155181
1386, 168.349221426
1387, 169.115599383
1388, 169.671003664
1389, 170.007648941
1390, 170.120453974
1391, 30.0
1392, 33.8904474244
1393, 37.778972514
1394, 41.6636447112
1395, 45.5425170514
1396, 49.4136180561
1397, 53.2749437484
1398, 57.1244498332
1399, 60.9600440967
1400, 64.7795790786
1401, 68.5808450794
1402, 72.3615635674
1403, 76.1193810545
1404, 79.8518635109
1405, 83.5564913832
1406, 87.2306552802
1407, 90.8716523693
1408, 94.4766835155
1409, 98.0428511619
1410, 101.567157917
1411, 105.046505768
1412, 108.477695779
1413, 111.857428077
1414, 115.182301842
1415, 118.44881494
1416, 121.653362754
1417, 124.792235675
1418, 127.861614623
1419, 130.8575639
1420, 133.776020605
1421, 136.612779804
1422, 139.363474651
1423, 142.023550712
1424, 144.588233897
1425, 147.052491688
1426, 149.410987817
1427, 151.65803132
1428, 153.787522047
1429, 155.792896379
1430, 157.667079273
1431, 159.402451883
1432, 160.990847818
1433, 162.423595328
1434, 163.691626313
1435, 164.785674405
1436, 165.696580688
1437, 166.415713551
1438, 166.935486005
1439, 167.249920363
1440, 167.355174237
1441, 30.0
1442, 33.8508967448
1443, 37.6997843433
1444, 41.5446459501
1445, 45.3834493603
1446, 49.2141394295
1447, 53.034630614
1448, 56.8427996782
1449, 60.6364786147
1450, 64.4134478304
1451, 68.1714296499
1452, 71.9080821944
1453, 75.6209936918
1454, 79.3076772737
1455, 82.9655663095
1456, 86.592010321
1457, 90.1842715064
1458, 93.7395218845
1459, 97.2548410445
1460, 100.727214455
1461, 104.153532245
1462, 107.530588328
1463, 110.855079675
1464, 114.123605501
1465, 117.332666045
1466, 120.478660588
1467, 123.557884251
1468, 126.566523104
1469, 129.500647045
1470, 132.356199898
1471, 135.128986173
1472, 137.814654019
1473, 140.408673981
1474, 142.906313394
1475, 145.30260661
1476, 147.592321708
1477, 149.769925134
1478, 151.829546721
1479, 153.764948953
1480, 155.569506118
1481, 157.236201182
1482, 158.757650528
1483, 160.126168839
1484, 161.333887503
1485, 162.372938808
1486, 163.235713372
1487, 163.915188127
1488, 164.405306443
1489, 164.701372269
1490, 164.800402248
1491, 30.0
1492, 33.8133552115
1493, 37.6246221644
1494, 41.4317053854
1495, 45.2324950104
1496, 49.0248596876
1497, 52.8066396001
1498, 56.5756396507
1499, 60.3296228536
1500, 64.0663039784
1501, 67.7833434953
1502, 71.4783418684
1503, 75.1488342447
1504, 78.7922855828
1505, 82.4060862601
1506, 85.9875481878
1507, 89.5339014507
1508, 93.0422914716
1509, 96.5097766768
1510, 99.9333266127
1511, 103.30982043
1512, 106.636045613
1513, 109.908696795
1514, 113.12437444
1515, 116.279583152
1516, 119.370729303
1517, 122.394117636
1518, 125.345946495
1519, 128.22230128
1520, 131.019145768
1521, 133.73231097
1522, 136.357481273
1523, 138.890177797
1524, 141.32573909
1525, 143.659299651
1526, 145.885767271
1527, 147.999800785
1528, 149.995790751
1529, 151.867846594
1530, 153.609795064
1531, 155.2151962
1532, 156.677384272
1533, 157.989541997
1534, 159.14481605
1535, 160.136479955
1536, 160.958145863
1537, 161.604019142
1538, 162.06917937
1539, 162.349860022
1540, 162.443690216
1541, 30.0
1542, 33.7779019367
1543, 37.5536437174
1544, 41.3250584167
1545, 45.0899656082
1546, 48.8461647103
1547, 52.5914284479
1548, 56.3234964711
1549, 60.0400691706
1550, 63.7388017343
1551, 67.4172984846
1552, 71.0731075392
1553, 74.7037158357
1554, 78.3065445526
1555, 81.8789449602
1556, 85.4181947193
1557, 88.9214946371
1558, 92.3859658745
1559, 95.8086475783
1560, 99.186494889
1561, 102.516377248
1562, 105.7950769
1563, 109.019287451
1564, 112.185612311
1565, 115.290562821
1566, 118.330555835
1567, 121.301910496
1568, 124.200843961
1569, 127.023465812
1570, 129.765770926
1571, 132.423630664
1572, 134.992782305
1573, 137.468816847
1574, 139.847165515
1575, 142.123085633
1576, 144.291646939
1577, 146.347719985
1578, 148.285968904
1579, 150.100851608
1580, 151.786631346
1581, 153.33740428
1582, 154.747148365
1583, 156.009798828
1584, 157.119354744
1585, 158.070019097
1586, 158.856370985
1587, 159.473563207
1588, 159.917531874
1589, 160.185198234
1590, 160.274638571
1591, 30.0
1592, 33.7446088179
1593, 37.4869923519
1594, 41.2249189558
1595, 44.9561442954
1596, 48.6784050974
1597, 52.3894130104
1598, 56.0868486151
1599, 59.7683556235
1600, 63.4315353037
1601, 67.0739411694
1602, 70.6930739684
1603, 74.2863770062
1604, 77.8512318316
1605, 81.384954309
1606, 84.8847910923
1607, 88.3479165038
1608, 91.7714298108
1609, 95.152352873
1610, 98.487628117
1611, 101.774116774
1612, 105.008597289
1613, 108.187763799
1614, 111.308224532
1615, 114.366499987
1616, 117.35902072
1617, 120.28212455
1618, 123.132053042
1619, 125.904947079
1620, 128.59684146
1621, 131.203658457
1622, 133.721200436
1623, 136.14514177
1624, 138.471020492
1625, 140.694230427
1626, 142.810014866
1627, 144.813463314
1628, 146.69951327
1629, 148.462959589
1630, 150.098474431
1631, 151.600641208
1632, 152.96400608
1633, 154.183150207
1634, 155.252785001
1635, 156.167870703
1636, 156.923755774
1637, 157.516330826
1638, 157.942186686
1639, 158.198762469
1640, 158.284467599
1641, 30.0
1642, 33.7135409829
1643, 37.4247979165
1644, 41.1314807593
1645, 44.8312875202
1646, 48.5218983736
1647, 52.200969881
1648, 55.8661293553
1649, 59.5149694044
1650, 63.1450426878
1651, 66.7538569208
1652, 70.3388701587
1653, 73.897486389
1654, 77.4270514585
1655, 80.924849352
1656, 84.3880988369
1657, 87.8139504749
1658, 91.1994839921
1659, 94.5417059859
1660, 97.8375479323
1661, 101.08386444
1662, 104.277431683
1663, 107.414945923
1664, 110.49302203
1665, 113.508191877
1666, 116.456902506
1667, 119.335513944
1668, 122.140296576
1669, 124.867428004
1670, 127.512989379
1671, 130.072961267
1672, 132.543219212
1673, 134.919529304
1674, 137.197544257
1675, 139.372800715
1676, 141.440718786
1677, 143.396605134
1678, 145.235661272
1679, 146.952999047
1680, 148.543665582
1681, 150.002680043
1682, 151.325084538
1683, 152.506010918
1684, 153.540764351
1685, 154.424922942
1686, 155.154450579
1687, 155.725817639
1688, 156.136121573
1689, 156.383197358
1690, 156.465706888
1691, 30.0
1692, 33.6847571971
1693, 37.367177572
1694, 41.0449186445
1695, 44.7156266524
1696, 48.3769309959
1697, 52.0264387847
1698, 55.6617295208
1699, 59.2803499511
1700, 62.8798091222
1701, 66.4575736674
1702, 70.0110633565
1703, 73.5376469328
1704, 77.0346382615
1705, 80.4992928035
1706, 83.9288044285
1707, 87.3203025669
1708, 90.6708496966
1709, 93.9774391461
1710, 97.2369931864
1711, 100.446361372
1712, 103.602319079
1713, 106.70156618
1714, 109.740725788
1715, 112.716342984
1716, 115.624883483
1717, 118.462732145
1718, 121.226191315
1719, 123.911478981
1720, 126.514726783
1721, 129.031978021
1722, 131.45918584
1723, 133.792211976
1724, 136.026826518
1725, 138.15870939
1726, 140.183454429
1727, 142.096577166
1728, 143.893527637
1729, 145.569709746
1730, 147.120508804
1731, 148.541328845
1732, 149.827641111
1733, 150.975044576
1734, 151.979338543
1735, 152.836606134
1736, 153.543305964
1737, 154.096367576
1738, 154.49328461
1739, 154.732198501
1740, 154.811965237
1741, 30.0
1742, 33.6583102335
1743, 37.3142365299
1744, 40.9653895944
1745, 44.609369449
1746, 48.243760173
1747, 51.8661247411
1748, 55.4739999919
1749, 59.0648917571
1750, 62.6362701825
1751, 66.1855652702
1752, 69.7101626669
1753, 73.2073997243
1754, 76.6745618511
1755, 80.1088791722
1756, 83.5075235066
1757, 86.8676056676
1758, 90.1861730815
1759, 93.4602077157
1760, 96.6866242953
1761, 99.8622687819
1762, 102.98391708
1763, 106.048273932
1764, 109.051971956
1765, 111.991570789
1766, 114.863556298
1767, 117.664339837
1768, 120.390257559
1769, 123.03756982
1770, 125.602460754
1771, 128.081038192
1772, 130.469334153
1773, 132.763306244
1774, 134.958840448
1775, 137.051755897
1776, 139.037812374
1777, 140.912721463
1778, 142.672162363
1779, 144.311803497
1780, 145.827331044
1781, 147.214485422
1782, 148.469106485
1783, 149.587187733
1784, 150.564939112
1785, 151.398857087
1786, 152.085799565
1787, 152.623062093
1788, 153.008450789
1789, 153.2403468
1790, 153.317757057
1791, 30.0
1792, 33.6342472068
1793, 37.2660687197
1794, 40.8930337542
1795, 44.5127013763
1796, 48.1226155059
1797, 51.7203000149
1798, 55.3032539487
1799, 58.8689469027
1800, 62.4148145806
1801, 65.938254564
1802, 69.4366223166
1803, 72.9072274465
1804, 76.3473302464
1805, 79.7541385274
1806, 83.1248047582
1807, 86.4564235153
1808, 89.746029246
1809, 92.9905943398
1810, 96.1870274972
1811, 99.3321723803
1812, 102.422806528
1813, 105.455640512
1814, 108.427317316
1815, 111.334411919
1816, 114.173431082
1817, 116.940813344
1818, 119.632929265
1819, 122.246081986
1820, 124.776508219
1821, 127.220379841
1822, 129.573806335
1823, 131.832838397
1824, 133.993473134
1825, 136.051661376
1826, 138.003317707
1827, 139.844333948
1828, 141.570596854
1829, 143.178010835
1830, 144.662526454
1831, 146.020175312
1832, 147.247111674
1833, 148.339660759
1834, 149.294373083
1835, 150.108083538
1836, 150.777973116
1837, 151.301630441
1838, 151.677109653
1839, 151.902980854
1840, 151.978369391
1841, 30.0
1842, 33.6126098741
1843, 37.222757388
1844, 40.8279753265
1845, 44.4257867959
1846, 48.0137004594
1847, 51.5892058638
1848, 55.1497688855
1849, 58.6928273243
1850, 62.215786673
1851, 65.7160160886
1852, 69.1908445891
1853, 72.6375574987
1854, 76.0533931605
1855, 79.4355399329
1856, 82.7811334836
1857, 86.0872543893
1858, 89.3509260473
1859, 92.5691129005
1860, 95.7387189733
1861, 98.8565867141
1862, 101.919496139
1863, 104.924164272
1864, 107.867244876
1865, 110.745328488
1866, 113.554942768
1867, 116.292553193
1868, 118.954564172
1869, 121.53732064
1870, 124.037110294
1871, 126.450166619
1872, 128.77267295
1873, 131.000767874
1874, 133.130552316
1875, 135.158098765
1876, 137.07946313
1877, 138.890699769
1878, 140.587880271
1879, 142.167116536
1880, 143.624588624
1881, 144.9565777
1882, 146.159504141
1883, 147.229970545
1884, 148.164808923
1885, 148.961130867
1886, 149.61637892
1887, 150.128376901
1888, 150.49537653
1889, 150.716097571
1890, 150.789758798
1891, 30.0
1892, 33.5934349018
1893, 37.1843756315
1894, 40.770323368
1895, 44.3487700215
1896, 47.917193672
1897, 51.4730540954
1898, 55.0137884052
1899, 58.536806836
1900, 62.0394886987
1901, 65.5191785283
1902, 68.9731824525
1903, 72.3987647988
1904, 75.793144964
1905, 79.1534945602
1906, 82.476934854
1907, 85.7605345109
1908, 89.0013076534
1909, 92.1962122417
1910, 95.3421487815
1911, 98.4359593637
1912, 101.474427043
1913, 104.45427556
1914, 107.372169428
1915, 110.224714391
1916, 113.008458307
1917, 115.719892489
1918, 118.355453588
1919, 120.911526108
1920, 123.3844457
1921, 125.770503389
1922, 128.065950973
1923, 130.267007834
1924, 132.36986949
1925, 134.370718239
1926, 136.265736279
1927, 138.051121726
1928, 139.723107925
1929, 141.277986414
1930, 142.712133806
1931, 144.022042722
1932, 145.204356645
1933, 146.255908356
1934, 147.173761197
1935, 147.955252086
1936, 148.598034797
1937, 149.100121712
1938, 149.459921994
1939, 149.676274102
1940, 149.74847066
1941, 30.0
1942, 33.5767541015
1943, 37.1509868682
1944, 40.7201724925
1945, 44.28177625
1946, 47.8332501115
1947, 51.3720284409
1948, 54.8955238037
1949, 58.401122916
1950, 61.8861827573
1951, 65.3480268736
1952, 68.7839418936
1953, 72.1911742799
1954, 75.5669273364
1955, 78.9083584897
1956, 82.2125768614
1957, 85.4766411469
1958, 88.6975578137
1959, 91.8722796314
1960, 94.9977045471
1961, 98.0706749164
1962, 101.087977108
1963, 104.046341499
1964, 106.942442885
1965, 109.77290134
1966, 112.53428358
1967, 115.223104869
1968, 117.835831583
1969, 120.368884506
1970, 122.818643007
1971, 125.181450265
1972, 127.453619719
1973, 129.631442998
1974, 131.711199572
1975, 133.689168422
1976, 135.56164202
1977, 137.324942931
1978, 138.97544329
1979, 140.509587387
1980, 141.923917466
1981, 143.215102735
1982, 144.379971361
1983, 145.415545038
1984, 146.319075425
1985, 147.088081483
1986, 147.720386471
1987, 148.214153155
1988, 148.567915634
1989, 148.780606181
1990, 148.851575641
1991, 30.0
1992, 33.562594636
1993, 37.1226452472
1994, 40.6776034839
1995, 44.2249123743
1996, 47.7620020833
1997, 51.2862857528
1998, 54.7951554527
1999, 58.2859782669
2000, 61.7560925408
2001, 65.2028043152
2002, 68.6233839684
2003, 72.0150630908
2004, 75.3750316122
2005, 78.7004352009
2006, 81.988372955
2007, 85.2358954017
2008, 88.4400028229
2009, 91.5976439233
2010, 94.705714859
2011, 97.7610586467
2012, 100.760464974
2013, 103.700670443
2014, 106.578359271
2015, 109.390164506
2016, 112.132669803
2017, 114.802411824
2018, 117.39588337
2019, 119.909537324
2020, 122.339791559
2021, 124.683034945
2022, 126.93563464
2023, 129.093944867
2024, 131.154317379
2025, 133.113113856
2026, 134.966720449
2027, 136.711564689
2028, 138.344134918
2029, 139.861002377
2030, 141.258845937
2031, 142.534479392
2032, 143.684881025
2033, 144.707225008
2034, 145.598913982
2035, 146.357611949
2036, 146.981276448
2037, 147.468188804
2038, 147.816981204
2039, 148.026659347
2040, 148.09661954
2041, 30.0
2042, 33.5509791954
2043, 37.0993960009
2044, 40.6426838215
2045, 44.1782676802
2046, 47.7035600946
2047, 51.2159570344
2048, 54.7128339875
2049, 58.1915421579
2050, 61.649404824
2051, 65.0837138781
2052, 68.491726574
2053, 71.8706625029
2054, 75.2177008205
2055, 78.5299777466
2056, 81.8045843559
2057, 85.0385646821
2058, 88.2289141531
2059, 91.3725783797
2060, 94.4664523189
2061, 97.5073798369
2062, 100.4921537
2063, 103.417516028
2064, 106.280159249
2065, 109.076727611
2066, 111.803819301
2067, 114.457989254
2068, 117.035752747
2069, 119.533589861
2070, 121.94795096
2071, 124.275263314
2072, 126.51193903
2073, 128.654384451
2074, 130.699011221
2075, 132.642249173
2076, 134.480561233
2077, 136.210460456
2078, 137.828529316
2079, 139.331441264
2080, 140.715984513
2081, 141.979087872
2082, 143.11784834
2083, 144.129559989
2084, 145.011743544
2085, 145.762175883
2086, 146.378918569
2087, 146.860344409
2088, 147.205161033
2089, 147.412430464
2090, 147.481583826
2091, 30.0
2092, 33.5419261449
2093, 37.0812757393
2094, 40.6154681209
2095, 44.1419144304
2096, 47.6580135803
2097, 51.1611483029
2098, 54.6486813048
2099, 58.1179515534
2100, 61.566270719
2101, 64.9909197991
2102, 68.3891459466
2103, 71.7581595261
2104, 75.0951314205
2105, 78.3971906091
2106, 81.66142204
2107, 84.8848648176
2108, 88.0645107276
2109, 91.1973031236
2110, 94.2801362001
2111, 97.3098546819
2112, 100.283253961
2113, 103.197080719
2114, 106.048034088
2115, 108.832767389
2116, 111.547890534
2117, 114.189973146
2118, 116.755548505
2119, 119.241118413
2120, 121.643159104
2121, 123.958128323
2122, 126.182473715
2123, 128.312642688
2124, 130.345093879
2125, 132.276310382
2126, 134.102814852
2127, 135.821186587
2128, 137.428080627
2129, 138.920248852
2130, 140.294562977
2131, 141.548039243
2132, 142.677864474
2133, 143.681423064
2134, 144.556324322
2135, 145.300429471
2136, 145.911877534
2137, 146.389109232
2138, 146.730888053
2139, 146.936317649
2140, 147.004854836
2141, 30.0
2142, 33.5354496448
2143, 37.0683126905
2144, 40.5959984923
2145, 44.1159083404
2146, 47.6254314935
2147, 51.1219412919
2148, 54.6027913756
2149, 58.0653120318
2150, 61.5068066996
2151, 64.9245486528
2152, 68.3157778872
2153, 71.6776982345
2154, 75.0074747262
2155, 78.3022312292
2156, 81.5590483775
2157, 84.7749618208
2158, 87.9469608162
2159, 91.0719871867
2160, 94.1469346761
2161, 97.1686487301
2162, 100.133926742
2163, 103.0395188
2164, 105.882128993
2165, 108.658417323
2166, 111.365002301
2167, 113.998464291
2168, 116.555349712
2169, 119.032176182
2170, 121.425438722
2171, 123.731617157
2172, 125.947184818
2173, 128.068618706
2174, 130.092411226
2175, 132.015083624
2176, 133.833201206
2177, 135.543390413
2178, 137.142357753
2179, 138.626910538
2180, 139.993979301
2181, 141.24064165
2182, 142.364147248
2183, 143.361943472
2184, 144.231701208
2185, 144.971340147
2186, 145.579052864
2187, 146.053326931
2188, 146.3929643
2189, 146.597097241
2190, 146.665200223
2191, 30.0
2192, 33.5315597437
2193, 37.0605268856
2194, 40.5843048175
2195, 44.1002889452
2196, 47.6058627612
2197, 51.0983939959
2198, 54.5752308737
2199, 58.0336984987
2200, 61.4710953948
2201, 64.8846902252
2202, 68.2717187148
2203, 71.6293807986
2204, 74.9548380205
2205, 78.2452112041
2206, 81.4975784198
2207, 84.7089732719
2208, 87.8763835296
2209, 90.9967501311
2210, 94.0669665874
2211, 97.0838788209
2212, 100.044285476
2213, 102.944938745
2214, 105.78254576
2215, 108.553770611
2216, 111.255237055
2217, 113.883532004
2218, 116.435209871
2219, 118.906797879
2220, 121.294802446
2221, 123.595716766
2222, 125.806029695
2223, 127.922236091
2224, 129.940848696
2225, 131.858411683
2226, 133.671515936
2227, 135.376816107
2228, 136.971049432
2229, 138.451056247
2230, 139.813802039
2231, 141.056400807
2232, 142.176139396
2233, 143.170502368
2234, 144.037196891
2235, 144.774177043
2236, 145.379666843
2237, 145.852181329
2238, 146.190544974
2239, 146.393906793
2240, 146.461751572
2241, 30.0
2242, 33.5302624445
2243, 37.0579302906
2244, 40.5804049469
2245, 44.0950798619
2246, 47.5993366102
2247, 51.0905410566
2248, 54.5660396246
2249, 58.0231556944
2250, 61.4591861556
2251, 64.8713981386
2252, 68.2570259482
2253, 71.6132682246
2254, 74.9372853531
2255, 78.2261971468
2256, 81.4770808259
2257, 84.6869693172
2258, 87.8528498993
2259, 90.9716632207
2260, 94.0403027214
2261, 97.05561449
2262, 100.014397597
2263, 102.913404945
2264, 105.749344692
2265, 108.518882304
2266, 111.218643304
2267, 113.845216801
2268, 116.39515989
2269, 118.865003016
2270, 121.251256418
2271, 123.550417764
2272, 125.758981105
2273, 127.873447268
2274, 129.890335783
2275, 131.806198474
2276, 133.617634748
2277, 135.321308646
2278, 136.913967623
2279, 138.392462979
2280, 139.7537718
2281, 140.995020144
2282, 142.113507162
2283, 143.106729711
2284, 143.972406947
2285, 144.708504293
2286, 145.313256137
2287, 145.785186567
2288, 146.123127475
2289, 146.326233385
2290, 146.393992478
